error_distance,point_reference_tag
1.0000477495512305,8
1.0000660502837868,19
1.0000759416569833,4
1.0001836314484815,1
1.0004929729435414,4
1.0005146673956486,19
1.000676393935409,4
1.0008891003528917,4
1.0013012194927664,1
1.0015609940030399,19
1.0015635621297485,4
1.0023644997129544,6
1.0029645428948883,4
1.0032544917539246,6
1.0033793424689874,19
1.0034358251007232,19
1.0036084591806083,15
1.0039490556570825,9
1.0041338338664207,20
1.0044888971278418,15
1.0048128163476107,19
1.0050545965178161,4
1.0051088925464131,15
1.005169394343908,1
1.0051872974254483,19
1.0053663615760977,13
1.00571917536662,4
1.0062985034584286,15
1.0070823387378416,15
1.0073698673675178,5
1.0076727189226795,15
1.0078002974947915,15
1.0079829015487736,4
1.008138707739176,8
1.0082277582690664,4
1.0082494502273067,19
1.0085903215881133,7
1.0093232778179695,10
1.009458426605887,5
1.0096091826835523,8
1.0098180902702907,10
1.0098204053463244,4
1.0101218293069762,16
1.0101881290934416,5
1.0103193304910827,3
1.0104082498814184,13
1.010938469613147,3
1.0110244017340273,6
1.0112207394268742,15
1.01150740662559,6
1.0115831766040315,14
1.01180277655755,3
1.0118737851380628,3
1.0120594371651968,8
1.0127872071109556,5
1.0141976641582175,3
1.015588488875483,13
1.0157774592403077,9
1.0159331752231706,19
1.0159993419751052,4
1.0160331820254238,14
1.016425127557946,3
1.0165704903929234,15
1.0166961835112196,19
1.0172461882724815,6
1.0172931480456715,15
1.0173508557362545,6
1.0178213533759242,15
1.0180829203103965,3
1.0181741606261578,13
1.0183999168387798,18
1.0186927058714967,14
1.0188312186299566,3
1.018979752207875,19
1.0192342117531847,2
1.0193639216196537,19
1.019648839355247,19
1.0197569479351956,15
1.0200226213637862,3
1.0206421500433254,15
1.0207974111949536,20
1.0207997400133126,19
1.0208713551859023,16
1.021325662230605,20
1.0218261858458146,20
1.0221358676851684,6
1.0226082887572703,17
1.022705180863018,20
1.0230633797094502,6
1.0234168234990477,14
1.0234306850737878,17
1.023586492792202,13
1.0241405550534721,9
1.0241739176952582,3
1.0244293353617093,15
1.024660843188614,6
1.0253020866377767,5
1.0256322189574283,5
1.026311176478517,19
1.0266603896373663,20
1.0269865318650124,8
1.0270523030566896,17
1.0275628760596192,5
1.0279725271574047,2
1.0279789030260809,5
1.0281616698359222,13
1.028429006586639,4
1.028475048059864,4
1.029087399789183,10
1.0292732638881255,19
1.0296845729349136,20
1.029908153132146,14
1.0306214144677281,19
1.0307165409704226,19
1.0313322238267377,14
1.0314349273410397,15
1.0314684019182745,5
1.031977471745623,19
1.0324135621346797,19
1.032652979784619,10
1.0329998697717757,10
1.0332997439467264,19
1.0333774082592435,20
1.0335614890462208,15
1.0338306545662181,1
1.0340117648508522,14
1.034033125022914,5
1.0341071888415365,19
1.034319340922559,17
1.0348806693729748,2
1.0354112279566996,3
1.0355033298529566,6
1.0358984424732272,20
1.0361818328210444,15
1.036239666110351,19
1.0363238116325535,15
1.0363774764615417,15
1.0367182659425664,7
1.0374056612424187,5
1.0376271146467348,15
1.037909746196643,5
1.038523668789849,6
1.0385252326374934,7
1.0394426979057418,5
1.040066118620759,15
1.040152704245015,19
1.0406063617692538,4
1.0407679347247245,6
1.0410397378533942,19
1.0410802738861604,3
1.0428856346759818,19
1.0429679471322983,15
1.042987445812689,14
1.043104116235779,19
1.04350898090799,3
1.043718864601054,13
1.0438429594764165,6
1.0439887211927747,3
1.0441376541652119,4
1.044183921739704,20
1.0443210830570095,15
1.0444687619363668,13
1.0445908927820875,2
1.0457697702832214,15
1.0457772914803671,19
1.0460814922958137,6
1.046131029282238,15
1.0462271306269304,19
1.0463091149966828,19
1.0466931491726394,4
1.0467558743923262,6
1.046826562793703,19
1.0469472259513948,15
1.0476129101680862,3
1.047872309691276,20
1.0481474431836786,15
1.0488022884030406,19
1.0491114368599486,15
1.0494515289402482,6
1.0494774330726087,7
1.049623468146848,6
1.049946045406312,1
1.0507571706006313,19
1.0512036586557534,19
1.0523042580266213,9
1.0529500423521851,5
1.0530989504955677,19
1.0532533958851726,1
1.0532761171771283,2
1.0538755764274828,7
1.0540893061138592,17
1.054136731848614,5
1.05423318838107,5
1.0545554650385434,7
1.054563596504584,15
1.0557320964423962,3
1.0558278122966889,4
1.0558507379746207,15
1.055922592847575,15
1.0562226526566032,1
1.0564009019275693,8
1.0566425568930906,3
1.0567050053686893,19
1.057558970542231,3
1.0575841507000958,7
1.057987436935256,11
1.0588095349406779,6
1.0589979779315741,13
1.05933316168342,9
1.0596586687449978,3
1.0597700051820964,6
1.0604892865319977,15
1.0611432800296812,14
1.0612136662724714,15
1.061717252553799,14
1.0618716173794847,3
1.0622473109392492,19
1.0623071736496954,19
1.0630306817095858,13
1.0634395185337797,13
1.0636879033416937,15
1.0640006415958954,3
1.064360097655069,4
1.0651863176021545,5
1.065601145605766,15
1.0657401158672757,3
1.0661678007458308,4
1.0666505869562828,8
1.0671197135653674,19
1.0671263636235628,6
1.06762095511944,20
1.0679139213577242,13
1.0680297787624866,17
1.0680573703758602,13
1.0683119820338798,6
1.0684187974373454,17
1.0684932607903554,3
1.069790478089772,15
1.0698976362201953,5
1.0705396927520823,19
1.0710496200226398,4
1.0712399739552152,15
1.0712734783292224,8
1.0717485312136925,5
1.0718210913690223,15
1.0719927185136437,15
1.072167044548689,5
1.073042035543206,19
1.0732166129913507,3
1.0737131333536218,9
1.0740151828832518,15
1.074236360828199,9
1.074554951382833,4
1.0747353742851065,5
1.0747979911457692,19
1.0748454114664565,15
1.0749249532606817,9
1.0763182023967983,19
1.076420041050193,4
1.0764506792760775,4
1.076916246896515,6
1.0777130678845501,3
1.0784613681056532,10
1.0784770319776416,3
1.0786993768684723,14
1.0792843892446398,5
1.0794270250468683,19
1.0802195229973024,15
1.0806683371908612,6
1.080727810223936,3
1.081215120160655,10
1.0814672703953778,3
1.0816396904555334,5
1.0821975560963355,15
1.0825662241451957,13
1.0834010773111766,15
1.0834879300052154,15
1.084199161999327,19
1.0843162434177933,15
1.0845521596339447,15
1.0849862060153124,6
1.0851929087073995,20
1.0854360736455086,13
1.085642786009052,2
1.0860535282399448,4
1.086574444986716,6
1.0866268559466137,2
1.0873636958343056,4
1.0874203585460815,4
1.0879827810672253,3
1.0880953328273364,13
1.088262677483026,15
1.08870800110636,19
1.0897609894283666,19
1.0900358523902665,3
1.090096809782179,15
1.0903443469604397,19
1.0908873569397333,19
1.0908933721805039,19
1.0910940705715813,15
1.09139599604393,5
1.0915739009569252,13
1.091646708505651,19
1.092179872804254,19
1.0926474744760848,15
1.092782260387815,4
1.0930489760576438,10
1.0932080726734619,13
1.0936738814654998,18
1.0937992083038668,20
1.0938107532955996,15
1.0941117749862905,5
1.0946262330974865,19
1.0946279248109767,3
1.0946356365407546,17
1.0950571566213505,3
1.0950908280519502,15
1.0960068301354617,15
1.0970244556676194,19
1.0972035927103272,15
1.097814502997059,6
1.098007907229015,20
1.0987932929689248,15
1.0993010795584603,6
1.099365427985418,19
1.0999302687927162,16
1.1000450502575057,15
1.1004652270422441,3
1.1005247653424404,5
1.100790307930436,15
1.1012152824221402,15
1.101643278531074,15
1.1018193247997763,2
1.102003493751186,3
1.102312901092935,15
1.103092359015012,15
1.1033929477444293,19
1.1035349289494225,15
1.1039956913670363,19
1.1040950529695321,14
1.1068310699532788,3
1.1069701687565114,19
1.1073816630310198,4
1.1077639919864353,3
1.1080659042119696,4
1.1083000000995682,4
1.1083487974611432,14
1.108600182648539,4
1.1087900391260301,4
1.1094526544625607,15
1.1107332009062016,19
1.1117019675813442,19
1.11201654865581,15
1.1120542144929613,9
1.1121185849256447,13
1.1123464031922219,17
1.1125018173771963,20
1.1128112944610595,9
1.1131672512111237,2
1.1133104348158382,19
1.1133794633842014,6
1.1143428707529197,1
1.1149998669119148,8
1.1166449037681256,19
1.1168633925980174,5
1.1169291860738264,4
1.1176226745968108,19
1.1179499365536192,12
1.1180046104248191,13
1.1181291651011234,1
1.1185915550696275,4
1.1193597502584751,16
1.1194005524384156,20
1.1196592517760757,8
1.1205680639004083,13
1.1212132710835305,16
1.1213922509013867,8
1.121476757820227,9
1.1216797242714027,13
1.1217120301700712,15
1.1225937474683796,4
1.1233185752312915,15
1.123660427867879,6
1.123755364856568,4
1.124286775278207,19
1.1245317406379536,3
1.1246184033967586,18
1.1251732237627625,19
1.1253324058432908,8
1.1257661202319669,4
1.1262765050573718,19
1.126624657168984,19
1.126746716957347,3
1.1269550465579838,20
1.1270032056348966,8
1.1274168652014616,19
1.127988938822176,19
1.1290954172771894,13
1.1291750534377283,6
1.129320753407059,8
1.1297010772601923,6
1.1299057840921616,19
1.1300618361933112,5
1.1302468771967606,3
1.1303611020636797,5
1.1303955434104382,19
1.1310314233521896,15
1.1315084668192754,15
1.1315320683424783,13
1.131792858994256,15
1.1318930201229214,4
1.131927615850478,5
1.1319743843647694,19
1.1332364550323395,19
1.1332389660769802,6
1.1334430247492517,3
1.1344006029345117,15
1.134460561592191,4
1.1357081374261142,4
1.1358359271521408,15
1.1364256144587863,14
1.1365263056101578,16
1.136964044537094,4
1.13712747509922,6
1.1372220688462709,3
1.137249833892327,5
1.1379074753822283,19
1.1392075130022226,8
1.1392941599480204,15
1.14056460259239,20
1.1408930625656746,20
1.1414564207256856,20
1.141603742020728,15
1.1417833833989042,3
1.142230181352633,8
1.1436185399557726,20
1.144437909597941,4
1.1448117299706617,6
1.1451409534902568,15
1.1454107939452638,5
1.145583098211752,17
1.1457246823578644,4
1.1458821098563121,17
1.1460506156547337,6
1.1461661729999457,15
1.147423439895679,15
1.148563097457753,15
1.1486596482215872,5
1.148873342771566,20
1.1491281789104186,17
1.1496716598455736,19
1.1501055466962635,15
1.1503729394131177,10
1.150405992399581,15
1.1511647865357992,1
1.151202601656027,16
1.1514349887936013,6
1.1518494145621652,6
1.1521376622995214,5
1.1522755177891926,19
1.1534969587904103,4
1.1535714507787735,19
1.154065072055673,3
1.154208963518251,4
1.1542581392548044,15
1.154496647136277,4
1.1545046749828343,4
1.1546704478342449,19
1.1548429058775689,14
1.1556861264743674,3
1.1558254839489073,19
1.1558938238253003,8
1.155948343474508,1
1.156091005389506,6
1.1561752999273351,4
1.1562638062169304,13
1.1564643337453633,4
1.156572650170652,13
1.1566600358924632,2
1.1569142850204646,20
1.1583942566042393,12
1.158484415210628,15
1.1588068226179737,6
1.1601542092843626,20
1.1604399654805055,13
1.1606714571041634,14
1.161064820619913,3
1.161223282498079,19
1.1617434744523705,20
1.1632307238789825,19
1.1633851614636332,15
1.1639528199610614,20
1.1651837068366693,15
1.1652309261041387,8
1.1663349172630724,1
1.166934174218515,3
1.167094783710963,17
1.1674037922805254,4
1.1679066813483807,8
1.1679417556513398,6
1.1681608880326262,6
1.1684415447911551,17
1.1695264450937348,17
1.170011974931672,4
1.1703622440286918,15
1.1708583218283377,3
1.1709619530426165,20
1.1715628543560606,19
1.1724650773773355,15
1.1733545292546317,15
1.1740858630685052,3
1.1743259876192051,8
1.1747886648434505,15
1.175173860853427,3
1.175652762150104,1
1.1760518784459613,10
1.1766609065902272,4
1.1768818630958724,2
1.1769714099272863,4
1.1771735735500617,20
1.1783465561754225,8
1.1783981839871178,19
1.1784223980345778,15
1.178498472850966,7
1.179338100906322,19
1.179415591210779,20
1.1801615074566913,19
1.1804238111883483,2
1.1818505178479461,3
1.1819850866667585,4
1.1827746937055617,7
1.183215552933844,8
1.183372411694845,8
1.1834318817241622,13
1.1836380129365534,1
1.18378766684443,4
1.1841134607270014,20
1.1841252449303592,19
1.1841984347665582,17
1.1844954966649068,9
1.1846931517704775,9
1.1846951645250294,9
1.184740544198268,13
1.1849413837904839,15
1.1853757596477046,9
1.1853757612437288,19
1.1861308144425757,15
1.1863323534044459,19
1.1865175923164415,3
1.1866976731952579,19
1.1867358428203902,5
1.1875288510558113,10
1.1877223440930875,19
1.1877427775112397,6
1.1878429910089534,6
1.1878804142377943,19
1.188964841867371,5
1.1896420369447467,15
1.1903312409065165,3
1.1906553327764169,7
1.1906899701514053,10
1.1909592690088686,7
1.191154263913024,19
1.1912087707793004,15
1.191794675960044,19
1.1921780730731064,15
1.1921783302509572,15
1.1925338622854675,19
1.1925614700823748,1
1.192668830228223,15
1.1928653349195881,19
1.1940403334649088,15
1.1944019157689123,19
1.1947655263102306,5
1.1948378907779438,13
1.1950678295432244,13
1.1952567968673438,3
1.1954769409013175,6
1.1973769027761891,4
1.1978087539012094,4
1.19781428628905,19
1.1978691625149809,2
1.1986450096953036,1
1.1988090089716306,4
1.199190962503761,15
1.1997091022312765,3
1.200908468435303,20
1.2014144893943952,15
1.2015937862240966,8
1.2017271008772659,4
1.2019667760219575,17
1.2025200346976856,13
1.202888975932762,20
1.2031367577074923,19
1.2031943846415516,13
1.203243588087348,8
1.2049996749237697,14
1.2055075840269007,15
1.2057637474175338,4
1.2061694028094159,6
1.206521482147938,3
1.2068158400604918,15
1.2068419302471618,15
1.207049730965061,6
1.2071297525353655,3
1.2072465683331917,7
1.2076248923702377,5
1.208180042551564,5
1.208591065551605,3
1.2093709917936342,15
1.20943287719812,6
1.2099007046952444,3
1.2101394225013968,13
1.210213296970076,19
1.2102337688620963,5
1.2104827838135293,3
1.212479408530417,2
1.2127394288280744,6
1.2129049965024408,6
1.2131857200793925,6
1.213595427537742,4
1.213851703856835,15
1.2139101930415976,7
1.2139669886645763,4
1.2144202352910924,4
1.2146526683173136,17
1.2155815900959699,5
1.2158177867006317,19
1.2164175009150757,5
1.2164492162346854,20
1.216488875379023,13
1.2171486707820116,7
1.2180083363639647,3
1.2187778931126492,7
1.2197906264504157,4
1.221285596758494,19
1.2215437153919384,19
1.2219732093467326,15
1.2221907607152036,6
1.2225266565190653,19
1.2228485662742836,12
1.2238716987305243,4
1.223915208990126,19
1.2240091997922715,4
1.225011084261165,19
1.2250926425035393,15
1.2253878723890683,15
1.2259170860978412,1
1.2260296756465374,3
1.2266377317406576,6
1.2271022055527807,5
1.227374483374159,7
1.2281594971550363,7
1.2283390525329918,7
1.2284919223401924,6
1.2289826038250562,15
1.2290366555812913,5
1.229217915179159,8
1.229706347803086,3
1.230135940626279,4
1.2306068422392145,6
1.2314308083044045,19
1.2318442395743778,3
1.2320901802395197,15
1.2323933700213392,17
1.2329914553164714,4
1.232996305134104,20
1.2329985875081628,15
1.2330134468962948,15
1.2335284688260586,15
1.2335869771914616,8
1.2340024858391359,3
1.234212511731486,4
1.2347101625527075,6
1.234848801644026,15
1.2352223087138898,6
1.2353236488620798,19
1.2367468850259986,6
1.2378654258780815,9
1.2379025164571238,13
1.2384211822424565,3
1.2396034504465052,6
1.2396129599056775,9
1.2409827558870554,15
1.241210160192525,13
1.2416410074780115,4
1.2420964145969906,15
1.2423994750548886,14
1.242847125645386,13
1.2430522016049717,5
1.2432438939552457,20
1.243655165320641,15
1.2437081075533047,19
1.2446245922897545,4
1.2450727329748863,8
1.2451540042280684,19
1.2453210973018898,4
1.245809218861532,19
1.2459682094855251,20
1.246170035882581,15
1.2464717764824145,7
1.2468725648699177,15
1.2471327110420998,19
1.247394989083762,12
1.2475509048748714,17
1.2480150107099057,7
1.2485046881860782,20
1.24974446141838,13
1.2503924390984604,3
1.2505541541078136,8
1.2505952222793602,16
1.2508078041380277,15
1.2511141799199348,13
1.251361286864094,15
1.2514203172891765,9
1.2525168876888038,15
1.2530781503594526,6
1.2539202598993273,15
1.2546623369665473,19
1.254947166772291,4
1.2550138517708098,15
1.2554951845405535,6
1.2554964708637086,15
1.2555687799283344,14
1.2569477681425694,3
1.257421283475937,6
1.2579027505712121,12
1.2581200852405987,15
1.2587051355468712,15
1.258815252123415,3
1.2605642882531445,3
1.2612538782496674,19
1.261277399818505,8
1.2615343499083898,19
1.261633825644916,19
1.2621270613231361,19
1.2622197860590922,15
1.2623992714911063,4
1.2625407229835661,4
1.2626128702239479,20
1.26263541840091,2
1.26283802851713,19
1.2639222693272267,5
1.2639265489111877,13
1.2645026383529976,16
1.2648493894252728,17
1.265140647131462,5
1.2653225564514046,4
1.265763115773275,3
1.2660084387430106,19
1.2661930384620168,13
1.2664457576709867,8
1.2665566088994966,6
1.2670492907760695,6
1.268112674189713,20
1.2687642089652367,4
1.268802048471422,8
1.269021307605979,3
1.2690221881900656,4
1.2690325803015359,6
1.269225558406099,2
1.2708505797125718,5
1.2712606720322424,11
1.271553960391085,15
1.2716170506419384,6
1.2726817119440106,5
1.2728886480746098,19
1.2733941709219951,15
1.2743711796421944,17
1.2749029275210173,15
1.2753689545434468,2
1.2753701337823535,4
1.2759569361342509,1
1.2766519416056732,11
1.276978986785267,19
1.2771233700479063,6
1.2773835334405894,13
1.2776464858509815,15
1.2779692095899373,6
1.2784306764496858,15
1.2784450583644764,9
1.2787725031381203,13
1.2811269349045336,1
1.2815405828842101,6
1.2818457786988042,4
1.2819961941261713,15
1.2829370497820292,9
1.28367993180246,6
1.2840481539020154,10
1.2844339455057756,6
1.2848191760566936,19
1.284850732855008,15
1.2855300739729065,9
1.2859890404898144,4
1.2862504716713434,6
1.2874328746069168,15
1.2883258641691622,8
1.289019718343342,18
1.289274453637002,15
1.2898283866146885,13
1.2905879096558108,19
1.2907339110549925,19
1.2908276830191627,4
1.291538891037082,4
1.2917107716785186,15
1.2917577491021974,12
1.2920900955123134,17
1.292392415777663,19
1.2925927010928915,18
1.2925930548061375,6
1.2928938056347972,5
1.2929134520300494,15
1.2945584643582948,19
1.294613116638184,13
1.2962030426053046,15
1.2964895092714783,5
1.2979450657895724,4
1.297955995605853,15
1.2986740528737106,1
1.2992108725405715,9
1.3003073753699526,19
1.302666691100785,4
1.3029304530696764,6
1.3033625584142114,19
1.3036590288288195,2
1.3041699350924174,19
1.304234185622036,4
1.3050831291554528,19
1.3051847873140165,15
1.3056687383501047,6
1.3057346829661662,16
1.3057354793598213,3
1.3065490193207838,15
1.3073313655511736,4
1.3075891581596097,13
1.3076101701715463,6
1.3079104927880423,15
1.3081870643139093,15
1.3082783748498716,4
1.3090531185805354,4
1.309652929525939,13
1.3108097723420096,13
1.3114047512538387,3
1.3116029866364338,3
1.3124218064178046,13
1.312529226054701,19
1.3127736433694124,20
1.3131840216416084,8
1.3133056088502413,15
1.3155739203869092,15
1.3160111835529218,6
1.3164585332100136,5
1.3171828371833634,19
1.3172275061197836,18
1.3174114002253405,7
1.317722791301785,3
1.3184638793744818,14
1.3193596183429568,19
1.3194310904837625,13
1.3194649595899368,20
1.3197989832534285,13
1.3205415488923196,7
1.3206198633163373,20
1.3208747861002967,15
1.3210666251290524,7
1.3210951173179217,4
1.3217291773888329,20
1.321962836380495,4
1.323482098700044,15
1.3241348709029497,9
1.3245959046248197,14
1.324857594389067,7
1.325288279098565,13
1.3255332616603115,5
1.3265828431025193,2
1.326885327970136,6
1.3269326270852417,8
1.3271965452481964,17
1.3277942246768228,5
1.3285768922453958,19
1.3286191304925672,20
1.330264725056398,3
1.332410000214805,12
1.3325736492103812,19
1.332769916974732,6
1.3336029609721733,14
1.3337396378361528,6
1.3338048770999984,4
1.334256728419093,13
1.3348525540557266,19
1.3362985061510781,8
1.3363400392264386,4
1.336422813524725,2
1.336948213952616,3
1.3369583262258569,3
1.3383912673128953,13
1.3389023608619466,8
1.338913702573385,5
1.3423348376575304,3
1.3426739936614813,3
1.3427055012986897,15
1.3429295503677416,4
1.343386555168841,15
1.3434528542729969,15
1.3434710351513488,9
1.3437082548826034,15
1.3439389483206567,19
1.3443246984860373,4
1.3450762079705176,5
1.3451381971642378,4
1.3458844341770693,4
1.3459799373054835,19
1.346491655167089,9
1.3470511692170661,19
1.3472020980355404,3
1.3473373159793216,3
1.347936450995602,4
1.3481271272897473,12
1.3482895273640716,15
1.348451650514701,19
1.3490876478961473,3
1.3493727148017343,15
1.3509782505532466,3
1.3509809177907615,15
1.3512829648719253,14
1.3522439672289301,13
1.3522725837524932,13
1.3523891912817931,19
1.3525478085237475,15
1.3526466953969842,1
1.353581412936153,14
1.3541935871981463,19
1.3548774625298976,20
1.3549196883890238,7
1.355650872378446,5
1.3558806437167115,8
1.357623207986438,5
1.3585175630664463,13
1.3604731640756336,15
1.3610925938864804,3
1.3612706177332112,19
1.3616111204855033,14
1.3624934847774444,20
1.3644580342470582,3
1.367008992691078,1
1.3673946741801046,13
1.3675962748747792,15
1.3676996619549027,5
1.3683853408913984,19
1.3686857956764333,19
1.3688859325806295,15
1.3696275317440072,13
1.3702306798303687,20
1.37105485348586,15
1.3712093682825972,5
1.371525231464435,6
1.3716670236707722,6
1.3720087145222077,4
1.3730126572601342,19
1.3733527733435316,4
1.373880744362606,15
1.376215925760996,4
1.3770584562190333,4
1.377185473978557,13
1.3772797692816952,19
1.3781619103744063,15
1.378239898854195,19
1.3786112118405422,5
1.3793819346266523,19
1.3817061842637084,12
1.381783982817076,13
1.3822950031049563,13
1.3831791154701782,1
1.3835013685312967,12
1.3842854673616904,4
1.3845279902169567,4
1.384567617293206,9
1.385126944467627,15
1.3852928246755356,15
1.385544220823531,14
1.385743479906642,19
1.3857567579445218,4
1.3859366187832318,5
1.386613740206288,4
1.3873103676428287,4
1.3877158993431185,13
1.3881675375245361,6
1.3893126784584573,16
1.389406634231428,8
1.390530936602531,19
1.3928662843343533,15
1.3944480721851555,5
1.3945392187912309,15
1.394913970309707,10
1.3949194842249897,5
1.3950694305580034,15
1.3950774562373625,19
1.3953019115186658,6
1.3961322859644731,19
1.3965853067453757,3
1.39761320420109,3
1.3980083619092052,15
1.3981758423124604,19
1.3985687635106685,4
1.4001263175870984,20
1.4003277085919954,15
1.4006755130890063,13
1.4010668646978404,6
1.401449033054341,15
1.4016602508545097,9
1.4018380899299703,6
1.401853908145437,4
1.4018995840040713,9
1.4039444887859216,13
1.4040187762191656,9
1.4044877094050428,8
1.40500486996201,8
1.4061518434292715,6
1.406231989544464,15
1.4074320155158508,15
1.4076164925006205,3
1.4095654580711057,1
1.4097436357369693,15
1.4107469583787509,13
1.4110790759343184,20
1.411293495293619,19
1.4117097642162009,13
1.411954619567447,15
1.4122828710339443,19
1.4124565131596734,19
1.413863559481527,1
1.4139523044484674,13
1.4144166993543128,14
1.414891631732228,3
1.4157023779135243,7
1.4161967319711548,15
1.4182592155531437,19
1.4188457980290017,15
1.4189331380475423,15
1.4195777261160742,4
1.4202933686201005,19
1.420565100856345,20
1.4208887653435032,20
1.4209471406333396,12
1.4214871699131986,4
1.4215544507039386,5
1.4219456224372777,2
1.4224719051784254,3
1.422491465275392,19
1.4228087391911346,19
1.4250601322441871,6
1.4268000246298205,20
1.4283680353036987,3
1.4284955939604242,13
1.4295808213824004,6
1.433426007226107,4
1.4342427239460531,4
1.435590788897264,13
1.4382561567114023,10
1.4415907034434992,20
1.4422208460290815,4
1.44300544807869,6
1.4438465699822798,4
1.4440128050344236,7
1.4441115205082424,17
1.4447715085008026,20
1.4448624793265368,13
1.445283730363888,19
1.4456587621601278,20
1.445953317566058,15
1.4461348480396272,6
1.4469422705279207,10
1.4469718654928483,6
1.4473216877942623,15
1.4486123897519545,3
1.4491402359391001,13
1.4495758213448333,19
1.449867711877853,19
1.4506235867551565,19
1.4519508877121508,13
1.4523738461127034,15
1.4528853202460028,13
1.452980079843126,20
1.4532065677773596,19
1.4545704683294378,19
1.4547899629290029,13
1.4553618958804164,13
1.4554463016167922,17
1.456822646848798,20
1.4570635122393845,3
1.4575552075224558,19
1.4579354228269719,4
1.45920257822884,19
1.4593804157334558,19
1.45941534654863,6
1.4623382322723877,4
1.4624402109190222,11
1.4652182243102685,15
1.4655575945987618,15
1.4660401055179626,19
1.4665616575803493,15
1.4666638854272778,19
1.4670184093382441,15
1.4696236647692364,3
1.4722566803808672,3
1.4725353350476418,6
1.4735573309681818,13
1.473646889629826,15
1.4748756017077453,20
1.4753768162286547,3
1.4758301500892934,9
1.4758629478665684,15
1.4767119863097073,3
1.4776413487005255,19
1.479045212466799,14
1.4812784168941358,3
1.4819729261908288,3
1.4825681423229577,4
1.4828577385832427,3
1.4829270416567324,3
1.483932554397041,15
1.4849115294050146,13
1.4862297938419349,4
1.4865242918467332,6
1.4867622196015635,12
1.4873746221431585,14
1.4881437182521642,19
1.4888086760200048,12
1.4895473759594977,4
1.4908959565809903,11
1.491056315120539,6
1.492844971536901,19
1.4942793510019285,13
1.4950560026397268,4
1.4963649449143248,13
1.4966796381876493,9
1.4978541919706865,13
1.4993727384149118,19
1.499675852081937,9
1.5004024620444283,12
1.5006376120213356,15
1.501666168668779,19
1.5020510480004121,8
1.5028309742700974,6
1.502884589299965,3
1.5037546281296694,19
1.5041137069199455,13
1.5041332107999388,13
1.5048985544685223,3
1.5062153889489316,13
1.5068591541173768,3
1.5073678945349636,6
1.5074514988676153,19
1.5088511623057688,15
1.5093715131798973,19
1.5093793029492806,4
1.5100753818430896,3
1.5113884142207572,9
1.5123639170083398,6
1.5125610199842725,5
1.5130032949732783,15
1.5143222241110328,3
1.5160084445218531,20
1.516097142646685,20
1.5163794508451045,13
1.51669897243902,3
1.5174585311129531,19
1.5177611848586274,3
1.519421777345206,17
1.5196608136818677,14
1.520609292715113,13
1.521772450387555,19
1.5236036521668048,20
1.5243013115265112,13
1.524361627753407,19
1.5255275818411145,15
1.5258407900469304,13
1.5262323413623793,7
1.526630493241367,3
1.5273425482931389,15
1.5279882460713838,3
1.5301101266541461,19
1.5317823640932908,13
1.5337704004200645,17
1.534283897169038,3
1.537443065419809,9
1.5382351352606627,13
1.538602241773473,9
1.5401159295883975,5
1.540766095606732,6
1.540904318750017,15
1.5416130768643355,15
1.5429059758957338,15
1.5440221349114054,3
1.5462691860519693,5
1.5475967929232557,19
1.5485533337420256,3
1.5485538501467506,19
1.5507897308171217,14
1.5515601141214281,6
1.5518304023127427,15
1.5523167032268577,13
1.5529824108399286,13
1.55435914024852,3
1.554758533738156,4
1.5551375122933135,15
1.5552718739326787,13
1.557292650127666,8
1.5575011620089028,6
1.5597426800801164,4
1.5598169388863883,15
1.5606891144597492,15
1.560834621723315,15
1.5610745295072395,15
1.5616324204818817,19
1.5621429727919167,4
1.5629806562976132,3
1.5636058272122333,5
1.563858282057887,15
1.56422510396133,3
1.564269231539772,19
1.5647098053419377,6
1.5652199809698835,3
1.5659607572103384,13
1.5669627685850362,3
1.5682225883700935,19
1.5696889984638152,20
1.571058083565766,4
1.5713056595768722,15
1.571312818841437,5
1.5735365795225962,20
1.578584281334017,4
1.5786313226306776,20
1.5788164729202596,15
1.5789023386725727,13
1.5789419587632967,2
1.57948167330817,4
1.5816113667064164,15
1.5829967366034694,6
1.5841820403970335,6
1.5864264768626173,3
1.5869066966193557,4
1.5871475310030663,20
1.5882166611515776,4
1.590936760887003,13
1.5909713475455796,20
1.591539683272454,13
1.592817340277248,4
1.5943654929071984,19
1.5949426996853802,4
1.5955120903597673,6
1.596234819687024,20
1.5963863929847184,14
1.5965964949537539,19
1.5994895879378603,19
1.6011162831245864,19
1.6012524853072059,13
1.6019468522340627,5
1.6033983032768613,13
1.603572550565959,15
1.603729069122081,15
1.6044671765611949,15
1.6079192689964716,13
1.6083011052104135,15
1.6091945131727996,19
1.6117426434996804,3
1.613596191086576,4
1.614120510334614,19
1.614491174133898,19
1.6158108984912218,20
1.6179966991285633,18
1.618943490842146,4
1.6189644651792896,19
1.619223919028528,6
1.6193553211424756,1
1.6194282939721587,6
1.619866417551075,13
1.6206348172776628,4
1.6220360898383892,6
1.622103454958671,4
1.62304397618735,19
1.6232447080166208,2
1.6238712342656063,3
1.6279469378932159,19
1.627965994986042,8
1.6290050017084088,4
1.6339522641923983,6
1.6343064844108104,20
1.6352136018153989,8
1.6362791822728253,19
1.6363238394557698,19
1.636929929922888,19
1.6372533242526903,6
1.6373490598076388,20
1.6375193899492262,20
1.6385804220221625,4
1.6386364602024468,9
1.6393785068781825,15
1.639933695123519,6
1.6406844398679197,19
1.6407861269644732,15
1.6420493049577736,19
1.6427154362267538,20
1.643118366511806,17
1.6443477698586122,19
1.6448215436631168,8
1.6464344799115345,13
1.6468576877668675,17
1.6480830822024692,4
1.648114581584858,20
1.648165885416697,18
1.648622169906927,20
1.6498637343697211,4
1.650248655032939,15
1.6503775532673421,19
1.6516460758952725,19
1.652689103753569,4
1.6534145658384136,5
1.6550885889071494,15
1.6584456212281942,19
1.6601754039056273,20
1.6603638200213848,3
1.660494053586333,8
1.6612486997562024,3
1.661841414204819,19
1.6624311596224595,4
1.6633745108793787,3
1.6634586432805385,12
1.6656486944877689,20
1.6697371703498698,17
1.6703771792979065,20
1.6727934791559145,3
1.6770865971277296,15
1.677216004409361,19
1.6781506527602184,3
1.679013478997245,6
1.6792579484821637,13
1.679306464587852,15
1.6799969969462114,3
1.680053938445747,4
1.6800848851742571,11
1.6807192084442528,4
1.6807477541058975,8
1.6808346305037296,20
1.681774404344087,6
1.6827424179765693,3
1.6836264817705051,13
1.6843506597216147,3
1.6858594920035102,3
1.6880119024457239,4
1.6884462947519425,14
1.6899550371424454,3
1.6901456556168215,13
1.6921035777734599,7
1.6935667251996271,13
1.6935939316771833,17
1.6949871495537434,6
1.6952497706900265,19
1.6972033300906624,4
1.6991941319869064,4
1.701679366588014,15
1.7022775723915171,15
1.703397404157254,15
1.7036186364362431,5
1.7040069213319071,13
1.7043648393876916,4
1.7046540870577584,8
1.7053990666800134,6
1.7093555379175733,19
1.7117337217269033,9
1.7144183724324562,2
1.7145338059414694,19
1.7160111862357053,2
1.7162857577338821,19
1.717851427958072,8
1.7210467520810782,13
1.7211287915309845,19
1.7224184286708992,1
1.7225030936742378,8
1.723488020893598,15
1.7242035600756147,6
1.724264651899519,13
1.7254065030306902,18
1.7254350501132558,11
1.7289474084863574,16
1.731802658012332,13
1.7329262357275477,13
1.7355684751416998,13
1.7356248380377974,8
1.73623508068613,1
1.7365564340747996,20
1.7388795107101904,20
1.740226762983427,3
1.7408114358565299,8
1.7450466359622352,4
1.7455589647968843,3
1.745586015475435,15
1.7469536934897418,4
1.7481231180271664,4
1.7486333725275927,13
1.7503563617844553,20
1.7508870399367413,18
1.7537327105268286,17
1.7547503201288341,4
1.755219096030672,15
1.7554385684600584,8
1.7560464453132485,19
1.7569779139130663,20
1.7570144153570226,14
1.7578098491845058,8
1.7580414846854167,13
1.7586972095762365,7
1.7598724009610998,3
1.7613439485860782,3
1.763861236336101,19
1.7678313678296502,4
1.7690671697314173,12
1.7716825802667124,15
1.7740298274092692,8
1.7745436126844232,20
1.7774219949134589,4
1.7774290333479557,10
1.7775747091186023,13
1.7779111058484187,3
1.7782088269765957,15
1.7785126258074664,2
1.7790733778088001,20
1.77945586513491,3
1.779517167008108,15
1.7811846868375625,20
1.7820927229974095,15
1.782907011797869,20
1.7830309304156597,15
1.784705910334283,13
1.7851500578251884,19
1.785510170820644,8
1.7859731260258458,6
1.7884185175158551,4
1.789094486644041,3
1.789231673193251,3
1.7914297927539486,9
1.7919946608094417,15
1.7957892312158887,1
1.7976785815560852,6
1.7978322008846646,4
1.800295706930904,19
1.8015956116063283,19
1.8027568685344117,4
1.8047054763861097,3
1.8058245167789946,15
1.8069015638423187,19
1.807224009103597,3
1.8074366863834752,3
1.8080709559157404,16
1.812110027308639,13
1.813325144448522,13
1.814295057113854,2
1.8144895429224017,19
1.814853673526455,13
1.814890012266137,6
1.815777172344645,4
1.8158779451506672,3
1.8159969182883249,15
1.8167724391737554,19
1.81769502905105,19
1.8185942321786126,15
1.8215085771129464,3
1.8229674791051018,17
1.8235388319954797,15
1.8239342147317144,19
1.8270649712670768,14
1.8274131891693728,3
1.8278538107199476,15
1.8278768963933396,3
1.8320510590133556,4
1.8328730818836836,20
1.833368984791203,13
1.8334126111045992,13
1.8345051672761536,15
1.8382258220500136,6
1.8399858953024493,4
1.8421656720928565,4
1.8434174977631868,4
1.8434441065409266,6
1.843529463488673,6
1.8439504936894167,13
1.844447256349087,13
1.848554065947362,17
1.8512162659013411,2
1.8513906936859938,20
1.8526219118053777,4
1.8532648786659607,8
1.854068121923948,17
1.856584236640799,9
1.859214943035865,20
1.859222241990394,20
1.859813152653967,9
1.8615475847265601,17
1.8636015982048033,13
1.8643516185343345,19
1.8670867235540403,4
1.8672972268245305,20
1.8733237736525006,13
1.8758740988653901,19
1.880123823700588,11
1.8809271962661636,6
1.8820404257665997,7
1.8823971490721056,3
1.8827229596795696,20
1.8827953157498716,15
1.8834887637682611,15
1.8868465490020072,15
1.8883765796236949,3
1.8888948639435832,15
1.8911679330617446,9
1.892570472478258,3
1.8961289758488278,3
1.896820554636408,16
1.8976654042602388,3
1.9003591599851442,13
1.9005955807493335,3
1.9028096463906827,8
1.905187472495537,19
1.9072336148309803,15
1.908128957203528,13
1.9099663615069211,6
1.9106849932086565,3
1.9113821799754307,8
1.911395005668608,10
1.911822416151194,1
1.9134850146785747,1
1.9164653019338505,17
1.9173637743135858,13
1.9195875546993901,13
1.9209619287276825,20
1.922020317313803,1
1.9220421092158426,3
1.924373158051017,15
1.926183748843993,14
1.9264752808836905,15
1.9278106107489075,3
1.930328695664915,8
1.931482075240097,13
1.9344937029538822,4
1.93792916498324,9
1.9381314579236872,13
1.9387860963786585,3
1.9394088490079293,15
1.940191065902675,17
1.94077024241269,3
1.9414930307739555,3
1.9445673102181065,13
1.9455738434205314,6
1.9467899035309275,14
1.948510113563503,15
1.9508439653228988,3
1.9518279267326777,15
1.9547143431035179,15
1.96457417919546,13
1.9647727282223548,4
1.9653598779602806,13
1.965482750817296,4
1.9673558725874325,8
1.97489057774361,3
1.980514925166288,7
1.9835777511166337,8
1.9895584561073316,19
1.9902926624979933,1
1.9921973502367796,7
1.9922252621226941,13
1.9944136185849919,13
1.99784189687664,3
1.9979878146496903,5
1.9988975063465007,19
1.9992927937486047,3
1.9998188288302667,12
2.000812921628845,5
2.002203122503388,13
2.004039125518709,3
2.006354386577681,17
2.007422820859492,14
2.0084620104674302,13
2.0090739253179604,6
2.010392892012148,3
2.01191573577079,3
2.012203413816642,4
2.0131595732781506,6
2.0139795084870604,20
2.0149970562515223,4
2.0154706129411806,10
2.0165376856743924,7
2.018384133793362,13
2.0195894831257997,7
2.0199995841041756,10
2.0205987565070984,13
2.020706196697466,4
2.020880333052781,19
2.0222745000603584,20
2.025844784270212,4
2.028604403036367,18
2.0292559517722717,13
2.033213774429918,4
2.0334832234072957,4
2.034679042320669,8
2.0364101358477424,4
2.0369345470351754,4
2.037168952658234,4
2.0415576304892955,8
2.0451959569699416,3
2.0451965149857356,13
2.0456617943387547,4
2.049104630958156,9
2.0492569275229977,7
2.051066142174422,8
2.051578184694853,19
2.0533540587967347,13
2.055334876216794,3
2.0575374967480737,5
2.058519589535226,3
2.0670391850571153,8
2.0670466184872636,20
2.0707488128979503,10
2.074399892128074,9
2.075238412383631,16
2.0775274251494467,8
2.079232381256593,15
2.081126290798401,20
2.083437130748943,12
2.0844030363582244,20
2.089161535299344,10
2.0908160777511244,9
2.0949097366474554,4
2.0979430465005366,13
2.097962306809127,5
2.1029932073547446,2
2.1034813631603635,13
2.106903174595546,17
2.1071566056756903,13
2.108184611703857,3
2.1086211071022074,11
2.1087556898152036,3
2.110840496275697,13
2.110894242704525,9
2.1133028395785742,6
2.1144910974615305,3
2.11509277301625,6
2.116135386445438,3
2.11662591262941,13
2.1166486636812665,9
2.1190056749491,16
2.1209065073569855,6
2.1297876349360942,18
2.1333730548496304,6
2.137048145325221,13
2.137999324408203,13
2.138557456516229,20
2.1403779741504034,13
2.1406923120353194,7
2.1438312183131223,3
2.1505545465612985,7
2.151633132220492,3
2.154326909376504,13
2.155293972526725,20
2.1565951475439564,3
2.157282157512294,12
2.158512679696507,20
2.1595672358558624,17
2.1597270089640896,6
2.160435172716989,13
2.1624626347443994,20
2.1690512784549276,3
2.1707799999228015,1
2.175394228576569,9
2.176730464255631,4
2.1781380284867975,20
2.180423894229057,13
2.1828655873790397,11
2.1842795246251847,4
2.18432731262555,3
2.18441004218233,13
2.188262292747518,17
2.1886023102832644,11
2.1897639967238223,9
2.199860273052092,13
2.2013518715527423,15
2.2030447772727833,20
2.207816672017849,10
2.2134662000450436,5
2.215642975110894,6
2.216892118084383,17
2.2176995651101685,13
2.2181497037593094,5
2.218497871444152,3
2.2193427877183995,13
2.2213387390904074,20
2.221911127036099,16
2.222899131362948,6
2.225325367964881,20
2.2286097959624396,13
2.2289872163540627,15
2.2298927689130084,4
2.2335242492704643,12
2.2379718680161833,3
2.2385717097830318,9
2.2408953901385806,13
2.2411383339932924,6
2.245885689317459,13
2.2469858944920986,9
2.250032528757525,4
2.250364460306936,20
2.2590587473975656,4
2.2643734526406267,4
2.2647930528879345,3
2.2674354279737474,1
2.2696113024830584,16
2.2707721809273487,3
2.2744074797984277,17
2.275285064389303,19
2.2781506213422436,14
2.278929146384936,13
2.279510438997914,18
2.282920611443687,4
2.2842056890628317,13
2.2891145585098167,6
2.290101231895687,6
2.2910229639980795,3
2.291945442423804,20
2.2951501674260313,3
2.2971354780563575,3
2.301528246541149,6
2.3019686389152727,13
2.3066866049591157,1
2.3086339781773324,6
2.309704085172646,19
2.317702626524132,3
2.3228170022599497,6
2.328953519213469,19
2.3316295385033405,20
2.331909297330358,19
2.33257626045014,4
2.3345367886457136,9
2.33539536853146,11
2.3360437451109832,4
2.336930264410215,20
2.3371767725873136,17
2.3377734821481795,3
2.340068284897855,14
2.3408319018703017,4
2.3439796078575785,19
2.3448646877833808,15
2.3451348711836313,3
2.3452466240777206,4
2.3468409695792833,13
2.3480882069242694,6
2.3484753394361877,9
2.350134713128719,15
2.354724372436863,6
2.3589865380473176,19
2.3591480079184124,19
2.3651359500550924,13
2.366877399326794,3
2.367941231183865,1
2.3716360218192163,11
2.372434264648099,4
2.3727359528834526,13
2.373163385825575,3
2.3743907497175414,4
2.375901376369671,19
2.3760201466708053,13
2.3762689403030857,4
2.3828601967403578,5
2.3838282205931627,3
2.3895785667477485,6
2.3896729547643223,12
2.389945850982168,3
2.390579061791207,4
2.393914478629341,9
2.3984450941479682,6
2.398518663637053,7
2.4039763674784504,16
2.404325186755525,20
2.4049558990326596,15
2.4119887090921557,3
2.4134866603576315,2
2.4135046109881535,15
2.4136972213630945,4
2.414130406195285,19
2.414168136626758,11
2.417628278514021,13
2.41777049549559,20
2.4210232549596613,4
2.424135112364069,20
2.4255640605363973,6
2.4258151031775297,11
2.426239527790582,14
2.426248956796002,4
2.4274159574754797,17
2.434317742581461,12
2.4374944359613213,17
2.437760322903696,14
2.43836794692907,15
2.439198125442108,20
2.4422036250467345,13
2.4433766461703708,13
2.444657407521153,8
2.446579612550719,13
2.4515540843144707,3
2.4520636147923023,6
2.4535726508496154,4
2.4548815075695454,13
2.4617197492965213,3
2.4653764478908524,4
2.467528981803687,4
2.474540264150084,17
2.475768778377278,19
2.4770274687421296,4
2.4774594667314864,14
2.478465753433891,17
2.479223791940154,3
2.4803841854834423,13
2.4840447582647975,20
2.487087677036512,12
2.4971315044487707,19
2.4991032387868333,3
2.4994033316877395,13
2.500302872630521,3
2.505628399543514,6
2.506969793612902,13
2.5143451567623707,4
2.5148758304627554,13
2.5165569769345346,14
2.5189235381105917,19
2.5265192207749783,3
2.5272130823560475,1
2.529850392023598,1
2.531110342196192,6
2.5402112383652216,9
2.5438696461184644,3
2.550574678957072,19
2.5511984265230567,13
2.5527886923293317,1
2.552991594080666,2
2.5546768252632206,4
2.5548604475422083,4
2.564755900719887,13
2.565993281023573,19
2.5688160845901162,13
2.5708125498428873,12
2.570836382901039,13
2.578213969281612,19
2.5812639010723775,20
2.584039176048494,5
2.585494447975721,3
2.5861373962862464,4
2.589298357232947,13
2.592329651337874,3
2.592559830528494,3
2.5968847732100215,5
2.6013563330162293,15
2.6067796473822384,4
2.606877021641553,4
2.612313125602832,13
2.6126181538572495,20
2.6147630827339907,19
2.6165835372954596,14
2.6220086614194353,13
2.624113418133926,3
2.6261787281999793,6
2.6283128497256287,9
2.6290525468725745,6
2.6297772299143714,1
2.6319895575281484,18
2.6324315852601177,17
2.635248222691072,19
2.6364859829521334,19
2.648545904640046,3
2.6491255227838053,19
2.6522190607876466,19
2.653297791594792,6
2.659001673307748,13
2.6620669827455026,1
2.6653169172442825,13
2.6686889881171387,4
2.6767376863184404,20
2.6808464636212364,13
2.682372290573327,20
2.6831202554515174,7
2.6861946735389743,4
2.6964985063044264,17
2.7039968925944873,19
2.7049807483728188,15
2.709303361857936,13
2.7137290498258464,4
2.719180915630989,4
2.7241519415826754,20
2.726053051772036,16
2.7265497151999027,19
2.7295166837648663,13
2.7338554365763885,20
2.734588604028198,14
2.7386062990013595,13
2.7419273713432104,4
2.7449967709556207,9
2.7494118246102968,15
2.7508256671644022,4
2.755357281959897,17
2.7568277291655705,3
2.766093785542721,3
2.767800458767407,4
2.7685395875114667,11
2.7699352899478638,4
2.7712014273458605,4
2.771826938937463,20
2.776937612749782,4
2.7770452178368656,13
2.7791419842229907,4
2.7849571200010717,19
2.788922405376774,19
2.792562737476601,9
2.7955896875848123,16
2.796083316930191,20
2.7988826555061355,20
2.8059654322112006,4
2.806111892461163,16
2.8086098843181997,15
2.8088580772296696,9
2.8089193829783934,5
2.8089843285035676,4
2.8274060142329356,20
2.8302193331447993,12
2.831867770132718,3
2.8340710141774923,13
2.8372652472335433,6
2.840773293991971,20
2.845088752779514,3
2.851382143168396,19
2.8534905265437724,16
2.8564767909436415,3
2.86371863265901,4
2.870871293258165,14
2.8841998457769273,6
2.8843405231900405,5
2.8926783493914288,13
2.894280547260509,4
2.896751212518947,5
2.898342408441856,12
2.901927211841561,3
2.903097418494238,4
2.9043720511808866,17
2.9080422184635353,20
2.9097566910672996,3
2.9113318606187093,13
2.91149857267537,9
2.91477355138715,20
2.9174989959108584,3
2.919080822027083,10
2.9203113322998515,17
2.922151334907238,13
2.924482887263399,11
2.9404540392523493,13
2.9419428050332184,19
2.942971434146543,19
2.954474973533721,19
2.958791468849473,4
2.9597678188327228,6
2.9610430998005746,13
2.9629924387450934,19
2.964558280609117,6
2.968876536167053,17
2.992830654275513,20
3.003535580065941,8
3.0035622839927547,13
3.00840991127714,13
3.009451355462681,13
3.010097984473857,13
3.0268668534786896,20
3.0288945085543797,13
3.0310138151276305,12
3.0456420076582664,13
3.058959621893011,15
3.0594593926728333,9
3.067396030554251,9
3.0697138435906655,20
3.0852712304524768,17
3.088037029088011,3
3.0923419889411177,6
3.094055563061608,20
3.100178162331669,6
3.1011665832882582,13
3.101566548767244,13
3.10659289075726,15
3.1100275312466845,4
3.113584506303511,6
3.114701801404952,4
3.1168982842383945,9
3.126212280180002,13
3.1320106851491283,18
3.136138568867053,13
3.1416055145512716,6
3.149369872429572,13
3.15108056773632,4
3.1521442582142996,13
3.1726462214423554,20
3.185090687851696,7
3.1856387748514914,4
3.186197244261203,13
3.189781847790484,20
3.1913760770089854,4
3.1937397377955867,4
3.2029890705138357,13
3.208710197503145,9
3.2149463908466656,15
3.2197562441053,1
3.2203522983237955,5
3.224639567752784,19
3.237733471879511,10
3.2426205812326674,14
3.2465309707896406,8
3.2492654803103713,8
3.2542648248737915,8
3.2609365727820907,4
3.261963546338384,13
3.2644892075027627,20
3.2650674592557927,20
3.2670178539535732,20
3.267953331895206,20
3.2728224660293797,10
3.27376311939088,12
3.27443048517428,4
3.2827920742115553,20
3.2960198245486327,20
3.312049943124562,20
3.3142279348608175,6
3.323595622621801,9
3.3376565540831855,9
3.352042685902281,19
3.3571397357539774,4
3.365170348233423,20
3.3653721145554174,4
3.3732280649105126,20
3.4019438001008506,4
3.4076608650131783,20
3.4127255309665934,10
3.413503670804978,13
3.416274298102749,4
3.4276177598255537,8
3.4342596090755704,3
3.4351271486833665,19
3.4358570340361587,13
3.452510198377689,20
3.453957371031118,20
3.457493167687162,12
3.476582731367028,4
3.477400590071737,15
3.477548651114273,4
3.4843605554169583,11
3.494739352426847,9
3.5016922721403323,13
3.505011652825227,1
3.5147627565986577,4
3.5257943091502386,17
3.5276253269418096,6
3.53240518725704,13
3.554203605548218,15
3.554736010741213,20
3.565384470716616,13
3.5697121528108786,9
3.5796089898762506,13
3.5826074055594543,20
3.5938638240864993,20
3.60606821789882,12
3.6082522495914837,13
3.625479817640689,17
3.6269703341682265,19
3.639767525612505,17
3.6442224925857922,1
3.6500352997591787,12
3.650432216513558,19
3.6512010788194273,9
3.6632012762245854,20
3.668113149322382,20
3.6684735579257475,14
3.669492824729329,4
3.670634150377304,20
3.671268870517181,9
3.6799808636344893,13
3.6862089048319318,15
3.6889877850217543,12
3.6931757614943614,19
3.7026131530501405,20
3.704468041665913,13
3.7156136525238406,17
3.7229976210805478,9
3.729731442052948,13
3.7306721664966087,3
3.7358490438260126,17
3.7523550152923186,15
3.7626181270350516,13
3.770099506210595,13
3.7842385684847324,20
3.817206187307323,13
3.853367627540524,4
3.8546325757943265,15
3.892195451866774,12
3.89251935513931,20
3.893667603635366,15
3.9059597622720745,4
3.925457089496529,4
3.9329614190100415,20
3.933190434709272,13
3.943090409827575,20
3.9504728990943145,4
3.9628421680352472,4
3.9647801120593593,13
3.9781678077551454,4
3.988876756001545,14
3.9893250956286472,4
4.011780126498293,18
4.01999423974802,4
4.024123487495891,20
4.029053612955579,4
4.035332670206294,8
4.042202178139149,16
4.046330471788733,20
4.052439320457019,20
4.060165055705661,13
4.06885794577335,14
4.080147095987006,1
4.122431935390251,12
4.124769494280437,4
4.168741740571135,4
4.169950190201403,4
4.176849265636037,4
4.177721442642065,17
4.18154157482013,20
4.201326580574735,11
4.211382248578461,11
4.212016994849146,4
4.213530265832964,8
4.220558106388837,11
4.2228127609293225,4
4.22395157782011,16
4.238329299308778,4
4.244236311209064,20
4.246850040820614,4
4.281859182260294,4
4.289914729909993,4
4.301595161108755,20
4.30643433052188,4
4.308605692447199,8
4.314955644334704,17
4.324994929886414,11
4.341270616954023,19
4.3508794468699135,20
4.358224232689283,20
4.384984766164679,18
4.385505868673814,4
4.413685328914602,14
4.41815773471504,13
4.420682821741867,4
4.424702735274378,4
4.431563483608724,13
4.436588864309287,4
4.449354233784878,4
4.456759154943005,4
4.462680949878404,17
4.484548693498333,18
4.496794560870032,20
4.525874728005246,20
4.541446667958279,4
4.566313290451896,4
4.573841916936542,4
4.615489639774801,4
4.618397825993687,4
4.624723725825896,4
4.627288036876282,13
4.6430235975520615,20
4.647191144141788,4
4.648768647365347,13
4.666710934985708,15
4.680481388461506,19
4.698437486166439,4
4.769754126019344,20
4.803956732242403,4
4.928586631381628,20
4.936751303141793,14
4.940226639103217,4
4.944801060995235,4
4.967690914804429,20
4.97928184174656,4
4.9937425079243996,20
5.048230892517016,12
5.081934570105503,15
5.139952156818371,4
5.201685398205469,20
5.340732718779714,20
5.382028338419582,20
5.391716539029798,4
5.416499579403179,4
5.462672310123312,20
5.468628459046682,20
5.505174306074239,4
5.519551230506879,15
5.590563136271924,20
5.603217457369097,20
5.627302780078929,15
5.628290962213016,4
5.629997364625461,4
5.648391948592783,17
5.682663930225797,18
5.774289412150829,20
5.799425046249065,4
5.813618792520952,16
5.833479156658598,4
5.849593216471063,4
5.883781868108217,20
5.8936132477979895,4
5.942475043810759,14
5.9517520899764165,4
5.962552201638352,13
5.982355466820431,12
5.999093119060453,12
6.02767034423763,15
6.032240371263862,14
6.034704081699705,20
6.092895536578755,11
6.097059903158462,4
6.131754440549536,4
6.135298645493747,4
6.229600104223231,4
6.2364856718350845,11
6.249200656866252,20
6.299928420790156,4
6.417226569326907,17
6.473187172273637,4
6.477045159249073,4
6.52231743953188,14
6.553158042537228,20
6.570240948541251,4
6.577761712422507,17
6.608964667874564,4
6.661610818865409,16
6.691731328315905,4
6.735598107771199,4
6.805227738297438,4
6.8465539752997975,17
6.870381706417868,4
6.91213330909955,4
6.983682495724294,4
6.987106909265273,14
6.990344913687996,4
7.018304271725411,17
7.033258761086863,4
7.035601176007494,4
7.053195911983746,4
7.116346278237377,4
7.117220404962625,4
7.170653242086452,4
7.221022235016431,11
7.2465906419991954,18
7.249859485841363,4
7.304208684611009,4
7.306023706692047,4
7.310677776318108,4
7.315459274851295,4
7.345023552612384,15
7.3604073408856205,4
7.373181849842965,18
7.3753525381038205,4
7.40746308509606,18
7.40994467624456,4
7.412929069113263,4
7.422674276916272,4
7.428392341345917,4
7.444805819705233,4
7.449658119590375,4
7.4525189398138405,4
7.453281599166849,4
7.460522614923444,20
7.524814718451542,4
7.562627467874707,4
7.575069376045529,17
7.590632349408573,4
7.596274196726253,4
7.611381863815628,4
7.6816951873617185,4
7.714003954447367,4
7.728823759377869,4
7.7391633174366055,4
7.782928603935859,4
7.793802024255029,4
7.802297382419417,4
7.86171232695801,4
7.8717559390166745,12
7.872346805605266,15
7.888536683514098,16
7.890246127804559,4
7.899334423652547,4
7.93034948295469,4
7.9490004140526445,4
7.9535048829551185,4
7.993770641048125,4
8.011486186285547,4
8.019423601475005,4
8.031994581470201,4
8.043893663905909,4
8.058272786424936,4
8.060562088473386,4
8.178319689696854,4
8.217727320314946,11
8.238261462384306,4
8.248492927722443,4
8.26793357441324,4
8.323043911280879,4
8.32975909259903,18
8.34075253419403,4
8.38140367792887,4
8.426950254761127,4
8.520248133605293,4
8.526978894119534,4
8.540338772109283,12
8.547384455132887,17
8.66180027852737,4
8.679277372376758,15
8.73293159661064,4
8.803916948249556,4
8.823403709110153,15
8.856414143410117,4
8.881824042562043,4
8.926874199469616,4
8.936647838534972,4
8.977498023049563,4
8.996967566757688,4
9.038194348615132,16
9.117815191002743,4
9.193788429614955,4
9.366694866072375,4
9.379824699493078,4
9.386507289548703,4
9.444959257214766,20
9.485427852966676,20
9.554298159283757,4
9.565731862304526,4
9.592491292747335,4
9.755330994484298,4
9.85515315581719,4
9.86322885686391,4
9.922053047195618,4
9.973874413148328,4
9.979533761059526,18
10.047838105277792,4
10.070751436437762,4
10.08752806159987,4
10.114497505366803,18
10.139772475977171,4
10.14336489763404,4
10.187224511837762,4
10.191117579750564,4
10.192656216645316,4
10.200439106221568,4
10.204138480669366,4
10.225049557128246,4
10.239707018423555,4
10.29533739042544,4
10.311454941964557,4
10.332793939998979,4
10.342189733009494,4
10.37970065723025,12
10.38035734530531,4
10.39263783505892,4
10.417672274596102,4
10.437185763767586,4
10.451310102852423,4
10.456098193059491,4
10.469084540293085,4
10.46912027393115,4
10.471248978668083,4
10.474846418614124,4
10.477694107899694,4
10.477724020509706,4
10.498140254943461,4
10.512158856825673,4
10.528193978601356,4
10.529195005993053,4
10.533343826049087,4
10.536352254742253,4
10.539667130301826,4
10.541465303651316,4
10.55406415371712,4
10.55751563644154,4
10.562577244493928,4
10.58415054675129,4
10.622682591807726,4
10.6463535494373,4
10.668465351419924,4
10.676949922689076,4
10.70836989378994,4
10.746080687173578,4
10.76071056145568,4
10.768127179245312,17
10.790353174034117,4
10.80804807581613,4
10.8150615476712,4
10.851775756801391,4
10.929017575006569,4
10.96284854100726,4
11.001124535058192,4
11.002961058933932,16
11.062060868402105,4
11.07454785648876,4
11.124201350536374,4
11.129280962557607,4
11.152546843683043,4
11.19101388526768,4
11.19950221146286,15
11.217636061668221,4
11.247389517325258,4
11.282836104502044,4
11.333296392065947,4
11.370355110108964,4
11.429186911863296,4
11.442412677567997,4
11.563245242849723,4
11.58549199461425,17
11.602909359796085,4
11.673454659469218,17
11.731213742586805,4
11.751668248400957,19
11.770317657425723,4
11.775366340812132,4
11.827719212322208,4
11.83031035850691,4
11.859999739938573,4
11.861835894621883,4
11.871877939657708,4
12.010883260812475,4
12.056972510656058,4
12.05873905613891,4
12.099192563817711,4
12.221217888043048,4
12.285799664087259,4
12.315421519147202,4
12.326822942519978,4
12.36201995400781,4
12.367280156577554,4
12.386392487288123,4
12.414814057187598,4
12.4291678650188,4
12.499162239932028,4
12.512332180166121,4
12.557981342001414,4
12.55995186411978,4
12.603533130816025,4
12.61776392747342,17
12.628776353380207,17
12.646266460358493,4
12.65722977073119,4
12.670162643173457,4
12.700123038567131,16
12.7049340430128,4
12.808777900988995,4
12.820176361978927,4
12.851005887985233,16
12.870045787535467,16
12.87963555117945,4
12.889052097385514,4
12.92157969201703,4
12.940374027125724,18
12.940837163787421,4
12.95055110163222,4
12.955802846867204,4
12.956093426984607,4
12.957241049718373,4
12.988230761175364,4
12.989231078216992,4
12.998419618187441,4
13.010014967123027,17
13.0101301481997,4
13.066350675438839,4
13.103417691117823,4
13.10421019784932,4
13.11465340050473,11
13.132571385051664,4
13.141090301950172,4
13.158214628673607,4
13.180924679156426,4
13.18770536435815,4
13.208075399014554,4
13.266986543351903,4
13.287425669458036,4
13.311544772179186,16
13.339822670662032,4
13.353456377812668,4
13.35362979920928,4
13.362622659574768,4
13.369339217666408,4
13.37807880212923,4
13.385493246559639,16
13.386086427109982,4
13.398457232328726,17
13.428223833402257,4
13.428444487159123,4
13.478870490752511,4
13.496535933467067,4
13.497807482243767,4
13.498230963139623,4
13.504055519748114,4
13.506918673363339,4
13.507968822584331,4
13.509126238877682,4
13.51536143982264,4
13.529475492247975,4
13.529679702008174,4
13.532794992659055,4
13.533550091211568,4
13.533745314263347,4
13.550775472949686,4
13.551726080841519,4
13.559291612255072,4
13.566151314870197,4
13.570609933093099,4
13.5753656121911,4
13.581989761022482,4
13.582705138334012,4
13.585716967357266,4
13.58852967531456,4
13.589398320162632,4
13.61608044059818,4
13.63282679998386,4
13.643657914319387,4
13.652519894896411,4
13.662877955434636,4
13.66474014397447,4
13.691454671471707,4
13.727710665061196,4
13.85992644938483,4
13.998313413515287,4
14.069134976016771,4
14.106422786378383,4
14.111105954381925,16
14.205675682897146,16
14.287860244050348,15
14.719072752358562,19
14.734312737275678,16
14.840248989369462,16
15.35043105090931,16
16.610638349053104,16
